{
 "meta": {
  "module": "oasis-open.org/openc2/v1.0/openc2-lang",
  "patch": "wd09",
  "title": "OpenC2 Language Objects",
  "description": "Datatypes that define the content of OpenC2 commands and responses.",
  "imports": [
   ["slpf", "oasis-open.org/openc2/v1.0/ap-slpf"],
   ["jadn", "oasis-open.org/openc2/v1.0/jadn"]
  ],
  "exports": ["OpenC2-Command", "OpenC2-Response", "Message-Type", "Status-Code", "Request-Id", "Date-Time"]
 },
 "types": [
  ["Message", "Array", [], "", [
    [1, "msg_type", "Message-Type", [], ""],
    [2, "content_type", "String", [], ""],
    [3, "content", "Null", [], ""],
    [4, "status", "Status-Code", ["[0"], ""],
    [5, "request_id", "Request-Id", ["[0"], ""],
    [6, "to", "String", ["[0", "]0"], ""],
    [7, "from", "String", ["[0"], ""],
    [8, "created", "Date-Time", ["[0"], ""]
  ]],
  ["OpenC2-Command", "Record", [], "", [
    [1, "action", "Action", [], ""],
    [2, "target", "Target", [], ""],
    [3, "args", "Args", ["[0"], ""],
    [4, "actuator", "Actuator", ["[0"], ""]
  ]],
  ["Action", "Enumerated", [], "", [
    [1, "scan", ""],
    [2, "locate", ""],
    [3, "query", ""],
    [6, "deny", ""],
    [7, "contain", ""],
    [8, "allow", ""],
    [9, "start", ""],
    [10, "stop", ""],
    [11, "restart", ""],
    [14, "cancel", ""],
    [15, "set", ""],
    [16, "update", ""],
    [18, "redirect", ""],
    [19, "create", ""],
    [20, "delete", ""],
    [22, "detonate", ""],
    [23, "restore", ""],
    [28, "copy", ""],
    [30, "investigate", ""],
    [32, "remediate", ""]
  ]],
  ["Target", "Choice", [], "", [
    [1, "artifact", "Artifact", [], ""],
    [2, "command", "Request-Id", [], ""],
    [3, "device", "Device", [], ""],
    [7, "domain_name", "Domain-Name", [], ""],
    [8, "email_addr", "Email-Addr", [], ""],
    [16, "features", "Features", [], ""],
    [10, "file", "File", [], ""],
    [11, "ip_addr", "IP-Addr", [], ""],
    [15, "ip_connection", "IP-Connection", [], ""],
    [13, "mac_addr", "MAC-Addr", [], ""],
    [17, "process", "Process", [], ""],
    [25, "properties", "Properties", [], ""],
    [19, "uri", "URI", [], ""],
    [1000, "extension", "PE-Target", [], ""],
    [1001, "extension_unr", "Unr-Target", [], ""],
    [1024, "slpf", "slpf:Target", [], ""]
  ]],
  ["Actuator", "Choice", [], "", [
    [1000, "extension", "PE-Specifiers", [], ""],
    [1001, "extension_unr", "Unr-Specifiers", [], ""]
  ]],
  ["Args", "Map", [], "", [
    [1, "start_time", "Date-Time", ["[0"], ""],
    [2, "stop_time", "Date-Time", ["[0"], ""],
    [3, "duration", "Duration", ["[0"], ""],
    [4, "response_requested", "Response-Type", ["[0"], ""],
    [1000, "extension", "PE-Args", ["[0"], ""],
    [1001, "extension_unr", "Unr-Args", ["[0"], ""]
  ]],
  ["OpenC2-Response", "Map", [], "", [
    [1, "status", "Status-Code", ["[0"], ""],
    [2, "status_text", "String", ["[0"], ""],
    [3, "strings", "String", ["[0", "]0"], ""],
    [4, "ints", "Integer", ["[0", "]0"], ""],
    [5, "kvps", "KVP", ["[0", "]0"], ""],
    [6, "versions", "Version", ["[0", "]0"], ""],
    [7, "profiles", "jadn:Uname", ["[0", "]0"], ""],
    [8, "schema", "jadn:Schema", ["[0"], ""],
    [9, "pairs", "Action-Targets", ["[0", "]0"], ""],
    [10, "rate_limit", "Number", ["[0"], ""],
    [1000, "extension", "PE-Results", ["[0"], ""],
    [1001, "extension_unr", "Unr-Results", ["[0"], ""]
  ]],
  ["Status-Code", "Enumerated", ["="], "", [
    [102, "Processing", ""],
    [200, "OK", ""],
    [301, "Moved Permanently", ""],
    [400, "Bad Request", ""],
    [401, "Unauthorized", ""],
    [403, "Forbidden", ""],
    [404, "Not Found", ""],
    [500, "Internal Error", ""],
    [501, "Not Implemented", ""],
    [503, "Service Unavailable", ""]
  ]],
  ["PE-Target", "Choice", ["="], "", [
    [32473, "Example", "32473:Target", [], ""]
  ]],
  ["PE-Specifiers", "Choice", ["="], "", [
    [32473, "Example", "32473:Specifiers", [], ""]
  ]],
  ["PE-Args", "Map", ["="], "", [
    [32473, "Example", "32473:Args", [], ""]
  ]],
  ["PE-Results", "Map", ["="], "", [
    [32473, "Example", "32473:Results", [], ""]
  ]],
  ["Artifact", "Record", [], "", [
    [1, "mime_type", "String", ["[0"], ""],
    [2, "payload", "Payload", ["[0"], ""],
    [3, "hashes", "Hashes", ["[0"], ""]
  ]],
  ["Device", "Map", [], "", [
    [1, "hostname", "Hostname", [], ""],
    [2, "description", "String", ["[0"], ""],
    [3, "device_id", "String", ["[0"], ""]
  ]],
  ["Domain-Name", "String", ["@hostname"], ""],
  ["Email-Addr", "String", ["@email"], ""],
  ["Features", "ArrayOf", ["*Feature", "[0"], ""],
  ["File", "Map", [], "", [
    [1, "name", "String", ["[0"], ""],
    [2, "path", "String", ["[0"], ""],
    [3, "hashes", "Hashes", ["[0"], ""]
  ]],
  ["IP-Addr", "Binary", ["@ip-addr"], ""],
  ["IP-Connection", "Record", [], "", [
    [1, "src_addr", "IP-Addr", ["[0"], ""],
    [2, "src_port", "Port", ["[0"], ""],
    [3, "dst_addr", "IP-Addr", ["[0"], ""],
    [4, "dst_port", "Port", ["[0"], ""],
    [5, "protocol", "L4-Protocol", ["[0"], ""]
  ]],
  ["MAC-Addr", "Binary", [], ""],
  ["Process", "Map", [], "", [
    [1, "pid", "Integer", ["[0"], ""],
    [2, "name", "String", ["[0"], ""],
    [3, "cwd", "String", ["[0"], ""],
    [4, "executable", "File", ["[0"], ""],
    [5, "parent", "Process", ["[0"], ""],
    [6, "command_line", "String", ["[0"], ""]
  ]],
  ["Properties", "ArrayOf", ["*String"], ""],
  ["URI", "String", ["@uri"], ""],
  ["Message-Type", "Enumerated", [], "", [
    [0, "notification", ""],
    [1, "request", ""],
    [2, "response", ""]
  ]],
  ["Request-Id", "Binary", [], ""],
  ["Date-Time", "Integer", [], ""],
  ["Duration", "Integer", [], ""],
  ["Hashes", "Map", [], "", [
    [1, "md5", "Binary", ["[0"], ""],
    [4, "sha1", "Binary", ["[0"], ""],
    [6, "sha256", "Binary", ["[0"], ""]
  ]],
  ["Hostname", "String", [], ""],
  ["L4-Protocol", "Enumerated", [], "", [
    [1, "icmp", ""],
    [6, "tcp", ""],
    [17, "udp", ""],
    [132, "sctp", ""]
  ]],
  ["Payload", "Choice", [], "", [
    [1, "bin", "Binary", [], ""],
    [2, "url", "URI", [], ""]
  ]],
  ["Port", "Integer", ["[0", "]65535"], ""],
  ["Feature", "Enumerated", [], "", [
    [1, "versions", ""],
    [2, "profiles", ""],
    [3, "schema", ""],
    [4, "pairs", ""],
    [5, "rate_limit", ""]
  ]],
  ["Response-Type", "Enumerated", [], "", [
    [0, "none", ""],
    [1, "ack", ""],
    [2, "status", ""],
    [3, "complete", ""]
  ]],
  ["Version", "String", [], ""],
  ["KVP", "Array", [], "", [
    [1, "key", "String", [], ""],
    [2, "value", "String", [], ""]
  ]],
  ["Action-Targets", "Array", [], "", [
    [1, "action", "Action", [], ""],
    [2, "targets", "Target", ["]0", "*"], ""]
  ]]
 ]
}
